CHR	SNP	BP	A1	TEST	NMISS	BETA	STAT	P
15	rs12913832	28365618	A	ADD	1192	1.322	38.21	1.113e-208
15	rs1129038	28356859	C	ADD	1159	1.311	36.83	1.06e-196
15	rs1667394	28530182	C	ADD	1192	1.14	23.58	4.487e-101
15	rs916977	28513364	T	ADD	933	1.066	19.23	1.409e-69
15	rs4778241	28338713	A	ADD	1193	0.8908	17.63	5.681e-62
15	rs8039195	28516084	C	ADD	932	1.024	17.69	1.693e-60
15	rs11636232	28386626	T	ADD	1164	-0.6792	-14.49	8.151e-44
15	rs4778138	28335820	G	ADD	1189	0.7163	12.05	1.237e-31
15	rs7183877	28365733	A	ADD	1192	0.8344	11.36	1.902e-28
15	rs7495174	28344238	G	ADD	1189	0.8466	11.17	1.333e-27
15	rs16950987	28526228	A	ADD	929	0.9414	10.6	7.903e-25
15	rs7174027	28328765	A	ADD	1192	0.6713	10.23	1.346e-23
15	rs1470608	28288121	T	ADD	1193	0.5144	8.972	1.115e-18
15	rs16950821	28283507	A	ADD	1189	0.5586	8.841	3.4e-18
15	rs8028689	28488888	C	ADD	669	0.9269	8.496	1.301e-16
15	rs1597196	28294922	T	ADD	1193	0.4409	8.275	3.422e-16
15	rs4778232	28281765	T	ADD	1189	0.4131	8.116	1.205e-15
15	rs8024968	28283689	T	ADD	929	0.5561	7.953	5.311e-15
15	rs2240204	28494032	A	ADD	518	1.022	7.97	1.053e-14
15	rs7170869	28288748	G	ADD	929	0.4902	7.632	5.797e-14
15	rs6497287	28440287	C	ADD	412	0.9267	7.646	1.544e-13
15	rs1375164	28291812	T	ADD	929	0.4245	7.425	2.578e-13
15	rs6497253	28288549	A	ADD	929	0.4212	7.369	3.833e-13
15	rs12593929	28359258	G	ADD	414	0.9003	7.437	6.238e-13
15	rs3794604	28272065	T	ADD	932	0.5117	7.155	1.709e-12
15	rs749846	28268990	A	ADD	929	0.4564	6.925	8.168e-12
15	rs16950993	28532120	G	ADD	411	0.9031	6.879	2.327e-11
15	rs2240203	28494202	C	ADD	414	0.8737	6.828	3.172e-11
15	rs7179994	28323770	G	ADD	1192	0.3964	6.522	1.026e-10
